data,precipitacao,temperatura,umidade,ano_semana,chuva_lag1,chuva_lag2
2014-01-05,12.6,25.75,64.94,2014-01,,
2014-01-12,46.8,24.31,67.71,2014-02,12.6,
2014-01-19,43.4,24.45,70.37,2014-03,46.8,12.6
2014-01-26,57.4,23.14,76.36,2014-04,43.4,46.8
2014-02-02,6.4,24.26,64.94,2014-05,57.4,43.4
2014-02-09,9.2,25.71,57.11,2014-06,6.4,57.4
2014-02-16,55.8,23.64,74.29,2014-07,9.2,6.4
2014-02-23,119.2,22.81,82.4,2014-08,55.8,9.2
2014-03-02,17.0,23.46,76.72,2014-09,119.2,55.8
2014-03-09,108.4,22.87,84.29,2014-10,17.0,119.2
2014-03-16,22.4,24.15,73.12,2014-11,108.4,17.0
2014-03-23,73.4,23.75,77.15,2014-12,22.4,108.4
2014-03-30,93.0,22.92,83.6,2014-13,73.4,22.4
2014-04-06,42.0,24.05,79.0,2014-14,93.0,73.4
2014-04-13,92.6,24.56,77.61,2014-15,42.0,93.0
2014-04-20,97.4,23.74,79.55,2014-16,92.6,42.0
2014-04-27,11.0,23.6,76.08,2014-17,97.4,92.6
2014-05-04,0.0,21.66,64.65,2014-18,11.0,97.4
2014-05-11,13.6,22.48,69.63,2014-19,0.0,11.0
2014-05-18,0.0,21.75,67.94,2014-20,13.6,0.0
2014-05-25,0.8,23.23,71.86,2014-21,0.0,13.6
2014-06-01,0.2,20.26,69.95,2014-22,0.8,0.0
2014-06-08,0.2,22.1,69.46,2014-23,0.2,0.8
2014-06-15,0.0,21.57,62.46,2014-24,0.2,0.2
2014-06-22,0.0,21.42,63.5,2014-25,0.0,0.2
2014-06-29,0.0,20.15,64.7,2014-26,0.0,0.0
2014-07-06,0.0,20.44,60.93,2014-27,0.0,0.0
2014-07-13,0.0,20.81,57.78,2014-28,0.0,0.0
2014-07-20,0.0,21.14,57.3,2014-29,0.0,0.0
2014-07-27,14.8,20.98,64.04,2014-30,0.0,0.0
2014-08-03,0.0,21.3,60.9,2014-31,14.8,0.0
2014-08-10,0.0,21.79,46.97,2014-32,0.0,14.8
2014-08-17,0.0,22.85,46.58,2014-33,0.0,0.0
2014-08-24,0.0,23.44,42.7,2014-34,0.0,0.0
2014-08-31,0.0,25.32,42.49,2014-35,0.0,0.0
2014-09-07,41.6,24.4,58.11,2014-36,0.0,0.0
2014-09-14,0.0,25.78,35.09,2014-37,41.6,0.0
2014-09-21,0.0,27.22,44.44,2014-38,0.0,41.6
2014-09-28,0.0,26.55,56.2,2014-39,0.0,0.0
2014-10-05,0.0,26.46,50.07,2014-40,0.0,0.0
2014-10-12,0.0,26.81,32.16,2014-41,0.0,0.0
2014-10-19,0.0,29.2,35.06,2014-42,0.0,0.0
2014-10-26,0.0,24.76,65.77,2014-43,0.0,0.0
2014-11-02,13.0,24.97,68.11,2014-44,0.0,0.0
2014-11-09,14.2,25.11,69.2,2014-45,13.0,0.0
2014-11-16,35.4,24.3,73.53,2014-46,14.2,13.0
2014-11-23,71.8,24.67,67.26,2014-47,35.4,14.2
2014-11-30,67.6,23.93,78.52,2014-48,71.8,35.4
2014-12-07,138.8,22.64,79.4,2014-49,67.6,71.8
2014-12-14,48.4,22.19,83.57,2014-50,138.8,67.6
2014-12-21,17.6,24.21,76.92,2014-51,48.4,138.8
2014-12-28,26.0,25.12,67.54,2014-52,17.6,48.4
2015-01-04,11.8,25.04,68.58,2015-01,26.0,17.6
2015-01-11,0.0,26.45,57.87,2015-02,11.8,26.0
2015-01-18,0.0,26.84,55.89,2015-03,0.0,11.8
2015-01-25,18.8,25.12,63.78,2015-04,0.0,0.0
2015-02-01,11.4,25.29,67.85,2015-05,18.8,0.0
2015-02-08,68.8,23.24,77.57,2015-06,11.4,18.8
2015-02-15,14.2,24.71,71.43,2015-07,68.8,11.4
2015-02-22,76.0,23.5,76.64,2015-08,14.2,68.8
2015-03-01,20.0,24.04,72.94,2015-09,76.0,14.2
2015-03-08,15.4,24.11,75.02,2015-10,20.0,76.0
2015-03-15,81.8,23.03,81.3,2015-11,15.4,20.0
2015-03-22,65.4,21.67,83.12,2015-12,81.8,15.4
2015-03-29,51.8,23.84,78.34,2015-13,65.4,81.8
2015-04-05,18.4,24.57,75.18,2015-14,51.8,65.4
2015-04-12,46.2,24.07,78.22,2015-15,18.4,51.8
2015-04-19,57.0,24.11,76.34,2015-16,46.2,18.4
2015-04-26,9.0,24.16,76.93,2015-17,57.0,46.2
2015-05-03,3.0,23.57,70.45,2015-18,9.0,57.0
2015-05-10,54.8,23.09,76.71,2015-19,3.0,9.0
2015-05-17,28.4,21.21,77.11,2015-20,54.8,3.0
2015-05-24,10.2,22.5,69.94,2015-21,28.4,54.8
2015-05-31,0.0,22.26,68.15,2015-22,10.2,28.4
2015-06-07,0.0,22.2,67.44,2015-23,0.0,10.2
2015-06-14,0.0,22.01,64.19,2015-24,0.0,0.0
2015-06-21,0.0,22.03,68.16,2015-25,0.0,0.0
2015-06-28,0.0,20.73,59.95,2015-26,0.0,0.0
2015-07-05,0.0,21.24,63.02,2015-27,0.0,0.0
2015-07-12,2.2,21.42,68.46,2015-28,0.0,0.0
2015-07-19,0.0,22.24,55.55,2015-29,2.2,0.0
2015-07-26,0.0,21.53,55.71,2015-30,0.0,2.2
2015-08-02,0.0,22.8,48.95,2015-31,0.0,0.0
2015-08-09,0.0,21.99,47.06,2015-32,0.0,0.0
2015-08-16,0.0,22.15,46.11,2015-33,0.0,0.0
2015-08-23,0.0,24.0,45.24,2015-34,0.0,0.0
2015-08-30,7.0,25.05,48.08,2015-35,0.0,0.0
2015-09-06,0.0,26.06,38.12,2015-36,7.0,0.0
2015-09-13,22.8,25.22,60.71,2015-37,0.0,7.0
2015-09-20,0.0,27.04,42.93,2015-38,22.8,0.0
2015-09-27,0.0,28.17,40.74,2015-39,0.0,22.8
2015-10-04,1.8,26.74,49.76,2015-40,0.0,0.0
2015-10-11,0.0,28.52,46.62,2015-41,1.8,0.0
2015-10-18,0.0,29.57,33.98,2015-42,0.0,1.8
2015-10-25,24.6,28.21,47.36,2015-43,0.0,0.0
2015-11-01,21.2,25.31,69.08,2015-44,24.6,0.0
2015-11-08,62.2,25.58,69.12,2015-45,21.2,24.6
2015-11-15,8.6,27.35,56.78,2015-46,62.2,21.2
2015-11-22,41.0,25.45,72.68,2015-47,8.6,62.2
2015-11-29,139.8,25.02,73.35,2015-48,41.0,8.6
2015-12-06,16.8,26.1,67.72,2015-49,139.8,41.0
2015-12-13,34.4,24.89,73.23,2015-50,16.8,139.8
2015-12-20,0.0,25.54,66.14,2015-51,34.4,16.8
2015-12-27,37.6,25.75,64.87,2015-52,0.0,34.4
2016-01-03,35.4,24.37,75.47,2016-01,37.6,0.0
2016-01-10,65.8,23.79,82.4,2016-02,35.4,37.6
2016-01-17,173.4,23.27,86.02,2016-03,65.8,35.4
2016-01-24,128.8,23.77,81.8,2016-04,173.4,65.8
2016-01-31,51.8,24.5,76.93,2016-05,128.8,173.4
2016-02-07,33.2,24.69,71.68,2016-06,51.8,128.8
2016-02-14,64.6,24.65,75.98,2016-07,33.2,51.8
2016-02-21,16.2,25.81,69.57,2016-08,64.6,33.2
2016-02-28,19.8,25.55,68.1,2016-09,16.2,64.6
2016-03-06,84.8,23.87,78.33,2016-10,19.8,16.2
2016-03-13,44.8,24.15,80.21,2016-11,84.8,19.8
2016-03-20,14.4,25.71,65.54,2016-12,44.8,84.8
2016-03-27,44.8,24.54,76.18,2016-13,14.4,44.8
2016-04-03,0.0,26.01,62.07,2016-14,44.8,14.4
2016-04-10,0.0,26.17,61.08,2016-15,0.0,44.8
2016-04-17,0.0,25.59,54.74,2016-16,0.0,0.0
2016-04-24,0.0,25.14,55.02,2016-17,0.0,0.0
2016-05-01,0.2,22.22,65.24,2016-18,0.0,0.0
2016-05-08,0.0,23.66,56.83,2016-19,0.2,0.0
2016-05-15,11.2,24.32,62.32,2016-20,0.0,0.2
2016-05-22,46.6,23.86,70.22,2016-21,11.2,0.0
2016-05-29,0.0,22.46,64.67,2016-22,46.6,11.2
2016-06-05,0.0,23.13,63.81,2016-23,0.0,46.6
2016-06-12,0.0,21.52,64.1,2016-24,0.0,0.0
2016-06-19,0.0,20.34,57.45,2016-25,0.0,0.0
2016-06-26,0.0,21.71,54.64,2016-26,0.0,0.0
2016-07-03,0.0,20.74,53.93,2016-27,0.0,0.0
2016-07-10,0.0,22.08,55.12,2016-28,0.0,0.0
2016-07-17,0.0,22.1,53.12,2016-29,0.0,0.0
2016-07-24,0.0,21.41,46.16,2016-30,0.0,0.0
2016-07-31,0.0,22.9,43.99,2016-31,0.0,0.0
2016-08-07,0.0,22.8,44.49,2016-32,0.0,0.0
2016-08-14,0.0,23.67,45.47,2016-33,0.0,0.0
2016-08-21,2.6,24.17,57.14,2016-34,0.0,0.0
2016-08-28,0.0,23.31,46.82,2016-35,2.6,0.0
2016-09-04,0.4,25.78,46.23,2016-36,0.0,2.6
2016-09-11,0.0,26.11,40.1,2016-37,0.4,0.0
2016-09-18,0.8,27.15,36.85,2016-38,0.0,0.4
2016-09-25,7.0,25.88,52.81,2016-39,0.8,0.0
2016-10-02,0.2,26.4,47.81,2016-40,7.0,0.8
2016-10-09,1.8,22.96,66.48,2016-41,0.2,7.0
2016-10-16,11.6,26.72,55.29,2016-42,1.8,0.2
2016-10-23,50.8,26.78,60.71,2016-43,11.6,1.8
2016-10-30,60.8,25.71,58.27,2016-44,50.8,11.6
2016-11-06,43.0,23.12,76.01,2016-45,60.8,50.8
2016-11-13,13.0,24.45,69.27,2016-46,43.0,60.8
2016-11-20,40.6,23.99,75.08,2016-47,13.0,43.0
2016-11-27,20.4,24.22,75.11,2016-48,40.6,13.0
2016-12-04,29.8,24.53,73.65,2016-49,20.4,40.6
2016-12-11,91.4,23.83,77.77,2016-50,29.8,20.4
2016-12-18,30.4,24.39,73.08,2016-51,91.4,29.8
2016-12-25,21.6,25.03,62.81,2016-52,30.4,91.4
2017-01-01,15.6,24.59,66.43,2017-01,21.6,30.4
2017-01-08,42.0,26.05,64.3,2017-02,15.6,21.6
2017-01-15,13.2,24.36,71.77,2017-03,42.0,15.6
2017-01-22,73.8,22.85,81.21,2017-04,13.2,42.0
2017-01-29,12.2,24.59,72.52,2017-05,73.8,13.2
2017-02-05,35.2,24.58,72.62,2017-06,12.2,73.8
2017-02-12,73.0,24.38,76.33,2017-07,35.2,12.2
2017-02-19,6.2,24.22,69.51,2017-08,73.0,35.2
2017-02-26,43.4,23.95,70.64,2017-09,6.2,73.0
2017-03-05,81.2,23.57,78.33,2017-10,43.4,6.2
2017-03-12,0.0,25.97,66.92,2017-11,81.2,43.4
2017-03-19,56.2,23.76,74.01,2017-12,0.0,81.2
2017-03-26,52.4,24.34,75.65,2017-13,56.2,0.0
2017-04-02,59.4,23.75,78.46,2017-14,52.4,56.2
2017-04-09,12.2,24.75,73.85,2017-15,59.4,52.4
2017-04-16,0.0,25.22,65.7,2017-16,12.2,59.4
2017-04-23,66.2,24.09,69.63,2017-17,0.0,12.2
2017-04-30,30.6,24.06,75.38,2017-18,66.2,0.0
2017-05-07,0.0,23.42,66.19,2017-19,30.6,66.2
2017-05-14,0.0,22.65,62.05,2017-20,0.0,30.6
2017-05-21,55.4,23.42,76.74,2017-21,0.0,0.0
2017-05-28,0.0,23.63,69.55,2017-22,55.4,0.0
2017-06-04,5.6,22.71,70.08,2017-23,0.0,55.4
2017-06-11,0.0,21.91,65.9,2017-24,5.6,0.0
2017-06-18,0.0,21.9,62.65,2017-25,0.0,5.6
2017-06-25,0.0,20.7,54.9,2017-26,0.0,0.0
2017-07-02,0.0,20.71,53.54,2017-27,0.0,0.0
2017-07-09,0.0,19.01,54.19,2017-28,0.0,0.0
2017-07-16,0.0,19.97,53.8,2017-29,0.0,0.0
2017-07-23,0.0,19.53,54.23,2017-30,0.0,0.0
2017-07-30,0.0,19.75,47.93,2017-31,0.0,0.0
2017-08-06,0.0,20.36,50.88,2017-32,0.0,0.0
2017-08-13,0.0,23.87,42.89,2017-33,0.0,0.0
2017-08-20,0.0,24.69,41.42,2017-34,0.0,0.0
2017-08-27,0.0,24.24,44.85,2017-35,0.0,0.0
2017-09-03,0.0,24.94,31.26,2017-36,0.0,0.0
2017-09-10,0.0,24.56,30.42,2017-37,0.0,0.0
2017-09-17,0.0,26.24,29.71,2017-38,0.0,0.0
2017-09-24,0.0,25.94,33.08,2017-39,0.0,0.0
2017-10-01,20.4,24.05,53.42,2017-40,0.0,0.0
2017-10-08,26.4,25.11,54.3,2017-41,20.4,0.0
2017-10-15,0.0,28.58,33.14,2017-42,26.4,20.4
2017-10-22,0.0,28.55,33.98,2017-43,0.0,26.4
2017-10-29,0.6,27.38,45.57,2017-44,0.0,0.0
2017-11-05,74.0,24.77,68.9,2017-45,0.6,0.0
2017-11-12,69.2,24.14,73.16,2017-46,74.0,0.6
2017-11-19,4.8,24.48,63.52,2017-47,69.2,74.0
2017-11-26,74.6,24.81,70.36,2017-48,4.8,69.2
2017-12-03,28.8,23.23,77.99,2017-49,74.6,4.8
2017-12-10,87.2,23.75,79.62,2017-50,28.8,74.6
2017-12-17,120.2,22.38,82.89,2017-51,87.2,28.8
2017-12-24,30.8,24.25,71.01,2017-52,120.2,87.2
2017-12-31,12.8,24.91,72.89,2017-53,30.8,120.2
2018-01-07,24.8,23.78,75.82,2018-01,12.8,30.8
2018-01-14,42.6,23.32,74.31,2018-02,24.8,12.8
2018-01-21,5.6,25.0,61.54,2018-03,42.6,24.8
2018-01-28,40.8,24.93,68.85,2018-04,5.6,42.6
2018-02-04,96.2,23.62,79.77,2018-05,40.8,5.6
2018-02-11,19.6,23.74,75.84,2018-06,96.2,40.8
2018-02-18,2.4,25.46,63.58,2018-07,19.6,96.2
2018-02-25,100.0,23.63,78.26,2018-08,2.4,19.6
2018-03-04,72.2,24.79,73.8,2018-09,100.0,2.4
2018-03-11,106.8,23.46,81.46,2018-10,72.2,100.0
2018-03-18,35.2,25.01,75.52,2018-11,106.8,72.2
2018-03-25,51.6,24.66,74.76,2018-12,35.2,106.8
2018-04-01,12.0,24.33,67.91,2018-13,51.6,35.2
2018-04-08,69.8,23.37,79.39,2018-14,12.0,51.6
2018-04-15,46.0,22.69,75.08,2018-15,69.8,12.0
2018-04-22,16.8,22.79,71.43,2018-16,46.0,69.8
2018-04-29,1.2,23.74,67.23,2018-17,16.8,46.0
2018-05-06,0.0,23.12,63.48,2018-18,1.2,16.8
2018-05-13,0.0,22.52,64.42,2018-19,0.0,1.2
2018-05-20,9.2,21.48,70.12,2018-20,0.0,0.0
2018-05-27,0.2,19.87,65.04,2018-21,9.2,0.0
2018-06-03,0.0,21.08,60.29,2018-22,0.2,9.2
2018-06-10,0.0,22.38,66.23,2018-23,0.0,0.2
2018-06-17,0.0,22.45,60.88,2018-24,0.0,0.0
2018-06-24,0.0,20.97,57.11,2018-25,0.0,0.0
2018-07-01,0.0,21.04,55.76,2018-26,0.0,0.0
2018-07-08,0.0,20.89,55.06,2018-27,0.0,0.0
2018-07-15,0.0,20.83,58.16,2018-28,0.0,0.0
2018-07-22,0.0,21.5,51.85,2018-29,0.0,0.0
2018-07-29,0.0,21.33,47.88,2018-30,0.0,0.0
2018-08-05,0.0,23.35,50.93,2018-31,0.0,0.0
2018-08-12,6.0,23.12,53.82,2018-32,0.0,0.0
2018-08-19,12.8,23.1,50.71,2018-33,6.0,0.0
2018-08-26,0.0,24.82,43.84,2018-34,12.8,6.0
2018-09-02,0.0,24.97,40.55,2018-35,0.0,12.8
2018-09-09,0.0,23.62,38.17,2018-36,0.0,0.0
2018-09-16,17.0,25.48,41.9,2018-37,0.0,0.0
2018-09-23,9.4,24.88,59.98,2018-38,17.0,0.0
2018-09-30,11.6,27.03,49.82,2018-39,9.4,17.0
2018-10-07,16.0,25.56,62.26,2018-40,11.6,9.4
2018-10-14,15.6,26.31,63.49,2018-41,16.0,11.6
2018-10-21,70.0,24.86,72.34,2018-42,15.6,16.0
2018-10-28,46.4,24.62,71.99,2018-43,70.0,15.6
2018-11-04,0.6,24.49,73.52,2018-44,46.4,70.0
2018-11-11,45.4,22.94,81.46,2018-45,0.6,46.4
2018-11-18,54.6,24.56,74.81,2018-46,45.4,0.6
2018-11-25,68.6,23.47,76.85,2018-47,54.6,45.4
2018-12-02,42.6,24.19,70.8,2018-48,68.6,54.6
2018-12-09,63.2,23.89,77.3,2018-49,42.6,68.6
2018-12-16,12.8,24.64,66.04,2018-50,63.2,42.6
2018-12-23,10.6,26.31,57.36,2018-51,12.8,63.2
2018-12-30,67.6,24.34,71.48,2018-52,10.6,12.8
2019-01-06,27.2,24.6,71.89,2019-01,67.6,10.6
2019-01-13,25.4,24.84,64.95,2019-02,27.2,67.6
2019-01-20,4.0,24.82,67.24,2019-03,25.4,27.2
2019-01-27,7.4,25.6,66.02,2019-04,4.0,25.4
2019-02-03,0.0,26.79,55.11,2019-05,7.4,4.0
2019-02-10,112.4,24.47,74.12,2019-06,0.0,7.4
2019-02-17,64.8,24.27,77.1,2019-07,112.4,0.0
2019-02-24,34.0,23.97,76.71,2019-08,64.8,112.4
2019-03-03,39.4,23.71,77.53,2019-09,34.0,64.8
2019-03-10,36.0,23.72,76.03,2019-10,39.4,34.0
2019-03-17,51.6,24.38,74.39,2019-11,36.0,39.4
2019-03-24,9.8,25.41,71.77,2019-12,51.6,36.0
2019-03-31,10.0,24.8,71.42,2019-13,9.8,51.6
2019-04-07,55.6,24.29,74.57,2019-14,10.0,9.8
2019-04-14,119.2,23.45,81.38,2019-15,55.6,10.0
2019-04-21,46.4,24.6,72.01,2019-16,119.2,55.6
2019-04-28,43.8,24.06,71.87,2019-17,46.4,119.2
2019-05-05,2.2,24.4,74.3,2019-18,43.8,46.4
2019-05-12,17.6,24.48,71.65,2019-19,2.2,43.8
2019-05-19,23.8,22.32,71.79,2019-20,17.6,2.2
2019-05-26,0.8,22.01,70.22,2019-21,23.8,17.6
2019-06-02,0.0,23.38,64.4,2019-22,0.8,23.8
2019-06-09,0.0,21.07,65.39,2019-23,0.0,0.8
2019-06-16,0.0,21.58,60.44,2019-24,0.0,0.0
2019-06-23,0.0,20.82,59.29,2019-25,0.0,0.0
2019-06-30,0.0,21.69,57.73,2019-26,0.0,0.0
2019-07-07,0.4,19.51,61.08,2019-27,0.0,0.0
2019-07-14,0.0,20.37,52.6,2019-28,0.4,0.0
2019-07-21,0.0,21.31,52.57,2019-29,0.0,0.4
2019-07-28,0.0,21.33,51.26,2019-30,0.0,0.0
2019-08-04,0.0,22.32,49.74,2019-31,0.0,0.0
2019-08-11,0.0,22.74,49.77,2019-32,0.0,0.0
2019-08-18,0.0,24.25,38.88,2019-33,0.0,0.0
2019-08-25,0.0,24.88,40.19,2019-34,0.0,0.0
2019-09-01,0.0,25.48,38.97,2019-35,0.0,0.0
2019-09-08,0.0,27.28,34.61,2019-36,0.0,0.0
2019-09-15,0.0,27.92,30.14,2019-37,0.0,0.0
2019-09-22,0.0,28.04,30.37,2019-38,0.0,0.0
2019-09-29,18.8,26.31,51.23,2019-39,0.0,0.0
2019-10-06,3.4,27.71,46.15,2019-40,18.8,0.0
2019-10-13,19.6,25.7,59.63,2019-41,3.4,18.8
2019-10-20,0.0,28.21,39.95,2019-42,19.6,3.4
2019-10-27,46.0,25.84,59.44,2019-43,0.0,19.6
2019-11-03,11.4,26.33,55.64,2019-44,46.0,0.0
2019-11-10,2.8,26.41,60.64,2019-45,11.4,46.0
2019-11-17,49.2,26.32,60.52,2019-46,2.8,11.4
2019-11-24,64.6,24.15,71.87,2019-47,49.2,2.8
2019-12-01,47.0,24.65,74.8,2019-48,64.6,49.2
2019-12-08,70.0,23.9,79.06,2019-49,47.0,64.6
2019-12-15,90.6,24.2,76.67,2019-50,70.0,47.0
2019-12-22,16.4,25.18,67.09,2019-51,90.6,70.0
2019-12-29,8.8,25.72,64.73,2019-52,16.4,90.6
2020-01-05,172.8,24.21,75.76,2020-01,8.8,16.4
2020-01-12,26.0,25.31,72.48,2020-02,172.8,8.8
2020-01-19,18.4,26.14,68.38,2020-03,26.0,172.8
2020-01-26,91.4,23.63,82.92,2020-04,18.4,26.0
2020-02-02,50.6,24.68,75.36,2020-05,91.4,18.4
2020-02-09,169.0,23.55,78.3,2020-06,50.6,91.4
2020-02-16,64.4,24.33,76.18,2020-07,169.0,50.6
2020-02-23,136.6,24.52,77.72,2020-08,64.4,169.0
2020-03-01,69.0,23.53,82.29,2020-09,136.6,64.4
2020-03-08,52.2,23.5,79.15,2020-10,69.0,136.6
2020-03-15,0.0,25.48,67.89,2020-11,52.2,69.0
2020-03-22,23.4,24.78,72.87,2020-12,0.0,52.2
2020-03-29,38.2,24.12,76.85,2020-13,23.4,0.0
2020-04-05,1.8,25.93,66.92,2020-14,38.2,23.4
2020-04-12,38.4,24.75,71.76,2020-15,1.8,38.2
2020-04-19,46.8,22.56,81.66,2020-16,38.4,1.8
2020-04-26,32.4,23.63,73.41,2020-17,46.8,38.4
2020-05-03,0.0,22.09,65.25,2020-18,32.4,46.8
2020-05-10,8.0,21.55,70.3,2020-19,0.0,32.4
2020-05-17,0.0,22.11,70.26,2020-20,8.0,0.0
2020-05-24,1.2,21.82,71.85,2020-21,0.0,8.0
2020-05-31,0.2,18.3,65.07,2020-22,1.2,0.0
2020-06-07,0.0,21.81,65.76,2020-23,0.2,1.2
2020-06-14,0.0,22.15,59.83,2020-24,0.0,0.2
2020-06-21,0.0,21.29,60.7,2020-25,0.0,0.0
2020-06-28,0.0,20.98,60.46,2020-26,0.0,0.0
2020-07-05,0.0,21.35,59.46,2020-27,0.0,0.0
2020-07-12,0.0,21.59,54.35,2020-28,0.0,0.0
2020-07-19,0.0,21.39,50.36,2020-29,0.0,0.0
2020-07-26,0.0,21.5,50.33,2020-30,0.0,0.0
2020-08-02,0.0,22.47,47.73,2020-31,0.0,0.0
2020-08-09,0.0,20.27,48.6,2020-32,0.0,0.0
2020-08-16,0.0,24.19,44.38,2020-33,0.0,0.0
2020-08-23,0.0,24.24,47.6,2020-34,0.0,0.0
2020-08-30,0.0,23.92,37.82,2020-35,0.0,0.0
2020-09-06,0.0,25.6,33.11,2020-36,0.0,0.0
2020-09-13,0.0,26.7,30.04,2020-37,0.0,0.0
2020-09-20,0.0,27.75,30.68,2020-38,0.0,0.0
2020-09-27,1.0,26.12,48.38,2020-39,0.0,0.0
2020-10-04,0.0,29.15,30.09,2020-40,1.0,0.0
2020-10-11,22.8,29.79,33.57,2020-41,0.0,1.0
2020-10-18,18.8,26.47,56.52,2020-42,22.8,0.0
2020-10-25,46.8,23.85,73.38,2020-43,18.8,22.8
2020-11-01,22.0,24.08,74.86,2020-44,46.8,18.8
2020-11-08,0.0,25.68,54.04,2020-45,22.0,46.8
2020-11-15,90.8,24.32,71.97,2020-46,0.0,22.0
2020-11-22,61.0,24.89,70.08,2020-47,90.8,0.0
2020-11-29,14.6,25.17,58.21,2020-48,61.0,90.8
2020-12-06,0.0,26.72,55.25,2020-49,14.6,61.0
2020-12-13,55.0,23.34,76.32,2020-50,0.0,14.6
2020-12-20,1.8,26.54,62.47,2020-51,55.0,0.0
2020-12-27,139.2,23.68,79.53,2020-52,1.8,55.0
2021-01-03,60.2,24.89,69.9,2021-01,139.2,1.8
2021-01-10,74.0,24.5,71.46,2021-02,60.2,139.2
2021-01-17,84.0,24.05,77.31,2021-03,74.0,60.2
2021-01-24,11.6,25.45,63.98,2021-04,84.0,74.0
2021-01-31,8.0,25.11,65.56,2021-05,11.6,84.0
2021-02-07,96.4,24.16,76.08,2021-06,8.0,11.6
2021-02-14,181.2,23.19,77.85,2021-07,96.4,8.0
2021-02-21,142.2,24.03,79.43,2021-08,181.2,96.4
2021-02-28,63.2,23.53,76.11,2021-09,142.2,181.2
2021-03-07,52.4,23.86,74.97,2021-10,63.2,142.2
2021-03-14,63.4,22.63,81.69,2021-11,52.4,63.2
2021-03-21,97.0,23.05,79.9,2021-12,63.4,52.4
2021-03-28,0.0,23.93,63.58,2021-13,97.0,63.4
2021-04-04,16.4,24.98,66.23,2021-14,0.0,97.0
2021-04-11,111.0,22.94,73.33,2021-15,16.4,0.0
2021-04-18,3.6,23.56,66.51,2021-16,111.0,16.4
2021-04-25,0.2,22.02,66.43,2021-17,3.6,111.0
2021-05-02,0.0,23.26,67.54,2021-18,0.2,3.6
2021-05-09,0.0,21.88,63.11,2021-19,0.0,0.2
2021-05-16,0.0,21.34,61.94,2021-20,0.0,0.0
2021-05-23,0.0,21.65,64.23,2021-21,0.0,0.0
2021-05-30,0.0,23.55,66.61,2021-22,0.0,0.0
2021-06-06,0.0,22.63,60.54,2021-23,0.0,0.0
2021-06-13,0.2,22.16,64.15,2021-24,0.0,0.0
2021-06-20,0.0,20.64,60.7,2021-25,0.2,0.0
2021-06-27,0.0,21.55,54.67,2021-26,0.0,0.2
2021-07-04,0.0,17.74,55.95,2021-27,0.0,0.0
2021-07-11,0.0,19.27,51.27,2021-28,0.0,0.0
2021-07-18,0.0,20.9,52.77,2021-29,0.0,0.0
2021-07-25,0.0,21.02,44.02,2021-30,0.0,0.0
2021-08-01,0.0,20.07,45.72,2021-31,0.0,0.0
2021-08-08,0.0,21.8,45.33,2021-32,0.0,0.0
2021-08-15,0.0,23.2,42.06,2021-33,0.0,0.0
2021-08-22,0.0,23.92,39.14,2021-34,0.0,0.0
2021-08-29,0.0,25.92,37.76,2021-35,0.0,0.0
2021-09-05,9.4,24.84,41.3,2021-36,0.0,0.0
2021-09-12,0.0,27.98,38.8,2021-37,9.4,0.0
2021-09-19,0.0,27.92,31.8,2021-38,0.0,9.4
2021-09-26,2.8,27.97,40.21,2021-39,0.0,0.0
2021-10-03,0.2,26.65,52.65,2021-40,2.8,0.0
2021-10-10,15.8,27.24,55.33,2021-41,0.2,2.8
2021-10-17,13.4,25.83,64.4,2021-42,15.8,0.2
2021-10-24,38.0,25.39,69.32,2021-43,13.4,15.8
2021-10-31,9.4,26.59,57.83,2021-44,38.0,13.4
2021-11-07,30.6,23.86,76.36,2021-45,9.4,38.0
2021-11-14,121.6,23.45,79.94,2021-46,30.6,9.4
2021-11-21,29.4,23.21,80.49,2021-47,121.6,30.6
2021-11-28,46.6,25.55,69.17,2021-48,29.4,121.6
2021-12-05,89.2,24.54,75.09,2021-49,46.6,29.4
2021-12-12,23.0,24.57,74.39,2021-50,89.2,46.6
2021-12-19,10.8,23.78,80.48,2021-51,23.0,89.2
2021-12-26,61.0,24.32,76.29,2021-52,10.8,23.0
2022-01-02,43.0,23.22,78.28,2022-01,61.0,10.8
2022-01-09,0.0,23.29,81.49,2022-02,43.0,61.0
2022-01-16,0.0,23.65,72.69,2022-03,0.0,43.0
2022-01-23,0.0,25.15,65.43,2022-04,0.0,0.0
2022-01-30,0.0,24.39,71.18,2022-05,0.0,0.0
2022-02-06,0.0,24.58,71.73,2022-06,0.0,0.0
2022-02-13,0.0,23.06,80.08,2022-07,0.0,0.0
2022-02-20,0.0,23.36,78.04,2022-08,0.0,0.0
2022-02-27,0.0,25.05,70.05,2022-09,0.0,0.0
2022-03-06,0.0,24.37,66.91,2022-10,0.0,0.0
2022-03-13,25.6,25.06,66.28,2022-11,0.0,0.0
2022-03-20,24.6,24.45,74.55,2022-12,25.6,0.0
2022-03-27,5.8,25.09,66.68,2022-13,24.6,25.6
2022-04-03,2.0,25.31,65.74,2022-14,5.8,24.6
2022-04-10,12.2,25.23,63.96,2022-15,2.0,5.8
2022-04-17,2.0,24.18,68.73,2022-16,12.2,2.0
2022-04-24,0.0,23.9,60.74,2022-17,2.0,12.2
2022-05-01,0.0,24.32,57.74,2022-18,0.0,2.0
2022-05-08,3.6,23.7,64.15,2022-19,0.0,0.0
2022-05-15,0.0,23.54,63.38,2022-20,3.6,0.0
2022-05-22,0.0,16.77,60.12,2022-21,0.0,3.6
2022-05-29,0.0,21.25,57.0,2022-22,0.0,0.0
2022-06-05,0.0,22.03,56.92,2022-23,0.0,0.0
2022-06-12,0.0,21.5,64.06,2022-24,0.0,0.0
2022-06-19,3.4,21.57,59.43,2022-25,0.0,0.0
2022-06-26,0.0,21.25,53.81,2022-26,3.4,0.0
2022-07-03,0.0,20.96,54.49,2022-27,0.0,3.4
2022-07-10,0.0,21.11,50.43,2022-28,0.0,0.0
2022-07-17,0.0,21.56,50.71,2022-29,0.0,0.0
2022-07-24,0.0,21.77,46.33,2022-30,0.0,0.0
2022-07-31,0.0,21.82,47.76,2022-31,0.0,0.0
2022-08-07,0.0,23.72,43.31,2022-32,0.0,0.0
2022-08-14,0.0,21.97,45.93,2022-33,0.0,0.0
2022-08-21,0.0,23.95,40.21,2022-34,0.0,0.0
2022-08-28,0.0,23.75,35.89,2022-35,0.0,0.0
2022-09-04,0.0,24.73,34.11,2022-36,0.0,0.0
2022-09-11,0.0,27.3,28.76,2022-37,0.0,0.0
2022-09-18,5.4,27.19,40.15,2022-38,0.0,0.0
2022-09-25,9.8,25.04,62.1,2022-39,5.4,0.0
2022-10-02,33.8,25.4,62.02,2022-40,9.8,5.4
2022-10-09,1.0,24.89,63.37,2022-41,33.8,9.8
2022-10-16,1.0,26.49,45.33,2022-42,1.0,33.8
2022-10-23,65.2,26.3,50.26,2022-43,1.0,1.0
2022-10-30,14.6,24.75,66.92,2022-44,65.2,1.0
2022-11-06,16.8,22.53,68.03,2022-45,14.6,65.2
2022-11-13,1.8,24.28,63.93,2022-46,16.8,14.6
2022-11-20,27.2,24.87,65.99,2022-47,1.8,16.8
2022-11-27,38.8,23.82,72.39,2022-48,27.2,1.8
2022-12-04,91.6,22.85,76.61,2022-49,38.8,27.2
2022-12-11,93.2,24.15,74.68,2022-50,91.6,38.8
2022-12-18,94.2,23.73,77.5,2022-51,93.2,91.6
2022-12-25,154.0,22.95,80.29,2022-52,94.2,93.2
2023-01-01,63.4,23.34,79.13,2023-01,154.0,94.2
2023-01-08,76.8,22.77,81.05,2023-02,63.4,154.0
2023-01-15,35.6,23.15,78.6,2023-03,76.8,63.4
2023-01-22,57.0,23.91,74.04,2023-04,35.6,76.8
2023-01-29,186.4,23.2,79.3,2023-05,57.0,35.6
2023-02-05,17.2,24.4,73.07,2023-06,186.4,57.0
2023-02-12,106.6,23.81,76.12,2023-07,17.2,186.4
2023-02-19,21.4,25.45,68.99,2023-08,106.6,17.2
2023-02-26,29.0,23.94,75.4,2023-09,21.4,106.6
2023-03-05,19.6,25.13,68.29,2023-10,29.0,21.4
2023-03-12,30.4,23.88,75.6,2023-11,19.6,29.0
2023-03-19,42.8,22.77,81.39,2023-12,30.4,19.6
2023-03-26,58.4,23.36,74.65,2023-13,42.8,30.4
2023-04-02,0.0,24.95,64.0,2023-14,58.4,42.8
2023-04-09,34.4,23.42,74.15,2023-15,0.0,58.4
2023-04-16,52.4,23.57,78.18,2023-16,34.4,0.0
2023-04-23,10.2,23.35,73.07,2023-17,52.4,34.4
2023-04-30,54.4,23.81,72.46,2023-18,10.2,52.4
2023-05-07,0.2,22.76,65.08,2023-19,54.4,10.2
2023-05-14,1.0,22.05,66.67,2023-20,0.2,54.4
2023-05-21,0.0,20.96,62.36,2023-21,1.0,0.2
2023-05-28,0.0,21.72,61.74,2023-22,0.0,1.0
2023-06-04,0.0,22.22,64.08,2023-23,0.0,0.0
2023-06-11,0.0,21.36,60.39,2023-24,0.0,0.0
2023-06-18,12.6,21.45,69.97,2023-25,0.0,0.0
2023-06-25,0.0,20.21,58.73,2023-26,12.6,0.0
2023-07-02,0.0,20.62,56.76,2023-27,0.0,12.6
2023-07-09,0.0,19.81,54.19,2023-28,0.0,0.0
2023-07-16,0.0,21.5,60.39,2023-29,0.0,0.0
2023-07-23,0.0,22.9,53.03,2023-30,0.0,0.0
2023-07-30,0.0,22.51,49.45,2023-31,0.0,0.0
2023-08-06,0.0,22.84,45.93,2023-32,0.0,0.0
2023-08-13,0.0,24.52,40.68,2023-33,0.0,0.0
2023-08-20,0.4,23.5,45.75,2023-34,0.0,0.0
2023-08-27,2.6,24.47,55.43,2023-35,0.4,0.0
2023-09-03,29.0,25.42,64.47,2023-36,2.6,0.4
2023-09-10,4.4,26.29,50.14,2023-37,29.0,2.6
2023-09-17,9.0,26.11,45.99,2023-38,4.4,29.0
2023-09-24,1.2,28.29,44.01,2023-39,9.0,4.4
2023-10-01,9.4,27.85,58.26,2023-40,1.2,9.0
2023-10-08,27.0,26.59,65.24,2023-41,9.4,1.2
2023-10-15,25.2,27.71,60.17,2023-42,27.0,9.4
2023-10-22,15.0,28.41,48.97,2023-43,25.2,27.0
2023-10-29,10.4,27.4,60.28,2023-44,15.0,25.2
2023-11-05,35.6,26.85,62.33,2023-45,10.4,15.0
2023-11-12,5.8,27.93,52.21,2023-46,35.6,10.4
2023-11-19,6.2,28.82,50.35,2023-47,5.8,35.6
2023-11-26,74.6,25.86,69.65,2023-48,6.2,5.8
2023-12-03,63.4,25.58,69.16,2023-49,74.6,6.2
2023-12-10,16.4,26.23,64.63,2023-50,63.4,74.6
2023-12-17,44.4,26.79,60.46,2023-51,16.4,63.4
2023-12-24,79.8,24.46,74.88,2023-52,44.4,16.4
2023-12-31,62.6,26.24,69.96,2023-53,79.8,44.4
